article,year,weed_species,weed_density,crop_density,type,treatment,row_spacing,days_after_sowing,soil_work,herbicide,treatment_timing,n_treatment,application_rate,statistic,weed_percent_control,weed_percent_control_CI_min,weed_percent_control_CI_max,n_ears,n_rows,crop_ag_biomass,kernels_per_row,kernels_per_plant,kernel_weight,crop_leaf_area,r_increase,n_obs,p,grain_yield_quant,percent_decrease_yield,percent_decrease_ag_biomass,percent_decrease_ug_biomass,grain_yield_qual,oil_yield,crop_n_uptake,crop_p_uptake,crop_k_uptake,crop_height,weed_density_quant,weed_density_qual,weed_ag_biomass_quant,weed_ag_biomass_qual,weed_height,weed_n_uptake,net_income
myers2005,2001,SORVU,low,,treatment,,NA,,,glyphosate,V2,,NA,,NA,,,,,,,,,,,,,NA,,,,stable,,,,,,NA,increase,,,,,
myers2005,2001,SORVU,low,,treatment,,NA,,,glyphosate,V4,,NA,,NA,,,,,,,,,,,,,NA,,,,stable,,,,,,NA,stable,,,,,
myers2005,2001,SORVU,low,,treatment,,NA,,,glyphosate,V6,,NA,,NA,,,,,,,,,,,,,NA,,,,stable,,,,,,NA,stable,,,,,
myers2005,2001,SORVU,low,,treatment,,NA,,,glyphosate,V8,,NA,,NA,,,,,,,,,,,,,NA,,,,stable,,,,,,NA,stable,,,,,
myers2005,2001,SORVU,low,,treatment,,NA,,,glyphosate,NC,,NA,,NA,,,,,,,,,,,,,NA,,,,stable,,,,,,NA,increase,,,,,
myers2005,2001,SORVU,medium,,treatment,,NA,,,glyphosate,V2,,NA,,NA,,,,,,,,,,,,,NA,,,,stable,,,,,,NA,increase,,,,,
myers2005,2001,SORVU,medium,,treatment,,NA,,,glyphosate,V4,,NA,,NA,,,,,,,,,,,,,NA,,,,decrease,,,,,,NA,increase,,,,,
myers2005,2001,SORVU,medium,,treatment,,NA,,,glyphosate,V6,,NA,,NA,,,,,,,,,,,,,NA,,,,stable,,,,,,NA,stable,,,,,
myers2005,2001,SORVU,medium,,treatment,,NA,,,glyphosate,V8,,NA,,NA,,,,,,,,,,,,,NA,,,,stable,,,,,,NA,stable,,,,,
myers2005,2001,SORVU,medium,,treatment,,NA,,,glyphosate,NC,,NA,,NA,,,,,,,,,,,,,NA,,,,decrease,,,,,,NA,increase,,,,,
myers2005,2001,SORVU,high,,treatment,,NA,,,glyphosate,V2,,NA,,NA,,,,,,,,,,,,,NA,,,,decrease,,,,,,NA,increase,,,,,
myers2005,2001,SORVU,high,,treatment,,NA,,,glyphosate,V4,,NA,,NA,,,,,,,,,,,,,NA,,,,stable,,,,,,NA,increase,,,,,
myers2005,2001,SORVU,high,,treatment,,NA,,,glyphosate,V6,,NA,,NA,,,,,,,,,,,,,NA,,,,decrease,,,,,,NA,increase,,,,,
myers2005,2001,SORVU,high,,treatment,,NA,,,glyphosate,V8,,NA,,NA,,,,,,,,,,,,,NA,,,,decrease,,,,,,NA,stable,,,,,
myers2005,2001,SORVU,high,,treatment,,NA,,,glyphosate,NC,,NA,,NA,,,,,,,,,,,,,NA,,,,decrease,,,,,,NA,increase,,,,,
myers2005,2002,SORVU,low,,treatment,,NA,,,glyphosate,V2,,NA,,NA,,,,,,,,,,,,,NA,,,,decrease,,,,,,NA,increase,,,,,
myers2005,2002,SORVU,low,,treatment,,NA,,,glyphosate,V4,,NA,,NA,,,,,,,,,,,,,NA,,,,stable,,,,,,NA,increase,,,,,
myers2005,2002,SORVU,low,,treatment,,NA,,,glyphosate,V6,,NA,,NA,,,,,,,,,,,,,NA,,,,stable,,,,,,NA,stable,,,,,
myers2005,2002,SORVU,low,,treatment,,NA,,,glyphosate,V8,,NA,,NA,,,,,,,,,,,,,NA,,,,stable,,,,,,NA,increase,,,,,
myers2005,2002,SORVU,low,,treatment,,NA,,,glyphosate,NC,,NA,,NA,,,,,,,,,,,,,NA,,,,decrease,,,,,,NA,increase,,,,,
myers2005,2002,SORVU,medium,,treatment,,NA,,,glyphosate,V2,,NA,,NA,,,,,,,,,,,,,NA,,,,stable,,,,,,NA,increase,,,,,
myers2005,2002,SORVU,medium,,treatment,,NA,,,glyphosate,V4,,NA,,NA,,,,,,,,,,,,,NA,,,,stable,,,,,,NA,increase,,,,,
myers2005,2002,SORVU,medium,,treatment,,NA,,,glyphosate,V6,,NA,,NA,,,,,,,,,,,,,NA,,,,stable,,,,,,NA,stable,,,,,
myers2005,2002,SORVU,medium,,treatment,,NA,,,glyphosate,V8,,NA,,NA,,,,,,,,,,,,,NA,,,,stable,,,,,,NA,increase,,,,,
myers2005,2002,SORVU,medium,,treatment,,NA,,,glyphosate,NC,,NA,,NA,,,,,,,,,,,,,NA,,,,decrease,,,,,,NA,increase,,,,,
myers2005,2002,SORVU,high,,treatment,,NA,,,glyphosate,V2,,NA,,NA,,,,,,,,,,,,,NA,,,,decrease,,,,,,NA,increase,,,,,
myers2005,2002,SORVU,high,,treatment,,NA,,,glyphosate,V4,,NA,,NA,,,,,,,,,,,,,NA,,,,stable,,,,,,NA,increase,,,,,
myers2005,2002,SORVU,high,,treatment,,NA,,,glyphosate,V6,,NA,,NA,,,,,,,,,,,,,NA,,,,stable,,,,,,NA,stable,,,,,
myers2005,2002,SORVU,high,,treatment,,NA,,,glyphosate,V8,,NA,,NA,,,,,,,,,,,,,NA,,,,decrease,,,,,,NA,increase,,,,,
myers2005,2002,SORVU,high,,treatment,,NA,,,glyphosate,NC,,NA,,NA,,,,,,,,,,,,,NA,,,,decrease,,,,,,NA,increase,,,,,
vangessel1995,1991,NA,NA,,treatment,,NA,,,no,POST,,NA,,,,,,,,,,,,,,,,16,,,decrease,,,,,,,,,,,,
vangessel1995,1992,NA,NA,,treatment,,NA,,,no,POST,,NA,,,,,,,,,,,,,,,,22,,,decrease,,,,,,,,,,,,
silva2011,2006,NA,,,weedy_control,,NA,,,no,NA,,NA,,,,,,,,,,,,,,,4223,,,,,,,,,,115.3,,435.8,,,,
silva2011,2006,NA,,,treatment,,NA,,,no,NA,,NA,,,,,,,,,,,,,,,6602,,,,decrease,,,,,,50.2,decrease,161,decrease,,,
tharp1999,,NA,,,weedfree_control,,NA,,,glyphosate,NA,,NA,,100,,,,,,,,,,,,,11940,,,,,,,,,,,,,,,,
tharp1999,,NA,,,weedy_control,,NA,,,glyphosate,NA,,NA,,0,,,,,,,,,,,,,5090,,,,,,,,,,,,,,,,
tharp1999,,NA,,,weedfree_control,,NA,,,glufosinate,NA,,NA,,100,,,,,,,,,,,,,9710,,,,,,,,,,,,,,,,
tharp1999,,NA,,,weedy_control,,NA,,,glufosinate,NA,,NA,,0,,,,,,,,,,,,,2820,,,,,,,,,,,,,,,,
tharp1999,,SETFA,,,treatment,,NA,,,glyphosate,EPOST,,210,,87,,,,,,,,,,,,,11590,,,,,,,,,,,,,,,,
tharp1999,,CHEAL,,,treatment,,NA,,,glyphosate,EPOST,,210,,72,,,,,,,,,,,,,11590,,,,,,,,,,,,,,,,
tharp1999,,AMARE,,,treatment,,NA,,,glyphosate,EPOST,,210,,85,,,,,,,,,,,,,11590,,,,,,,,,,,,,,,,
tharp1999,,ABUTH,,,treatment,,NA,,,glyphosate,EPOST,,210,,83,,,,,,,,,,,,,11590,,,,,,,,,,,,,,,,
tharp1999,,SETFA,,,treatment,,NA,,,glyphosate,LPOST,,210,,95,,,,,,,,,,,,,10780,,,,,,,,,,,,,,,,
tharp1999,,CHEAL,,,treatment,,NA,,,glyphosate,LPOST,,210,,86,,,,,,,,,,,,,10780,,,,,,,,,,,,,,,,
tharp1999,,AMARE,,,treatment,,NA,,,glyphosate,LPOST,,210,,85,,,,,,,,,,,,,10780,,,,,,,,,,,,,,,,
tharp1999,,ABUTH,,,treatment,,NA,,,glyphosate,LPOST,,210,,83,,,,,,,,,,,,,10780,,,,,,,,,,,,,,,,
tharp1999,,SETFA,,,treatment,,NA,,,glyphosate,EPOST,,420,,85,,,,,,,,,,,,,11720,,,,,,,,,,,,,,,,
tharp1999,,CHEAL,,,treatment,,NA,,,glyphosate,EPOST,,420,,84,,,,,,,,,,,,,11720,,,,,,,,,,,,,,,,
tharp1999,,AMARE,,,treatment,,NA,,,glyphosate,EPOST,,420,,88,,,,,,,,,,,,,11720,,,,,,,,,,,,,,,,
tharp1999,,ABUTH,,,treatment,,NA,,,glyphosate,EPOST,,420,,86,,,,,,,,,,,,,11720,,,,,,,,,,,,,,,,
tharp1999,,SETFA,,,treatment,,NA,,,glyphosate,LPOST,,420,,97,,,,,,,,,,,,,11610,,,,,,,,,,,,,,,,
tharp1999,,CHEAL,,,treatment,,NA,,,glyphosate,LPOST,,420,,96,,,,,,,,,,,,,11610,,,,,,,,,,,,,,,,
tharp1999,,AMARE,,,treatment,,NA,,,glyphosate,LPOST,,420,,92,,,,,,,,,,,,,11610,,,,,,,,,,,,,,,,
tharp1999,,ABUTH,,,treatment,,NA,,,glyphosate,LPOST,,420,,91,,,,,,,,,,,,,11610,,,,,,,,,,,,,,,,
tharp1999,,SETFA,,,treatment,,NA,,,glyphosate,EPOST,,840,,86,,,,,,,,,,,,,12280,,,,,,,,,,,,,,,,
tharp1999,,CHEAL,,,treatment,,NA,,,glyphosate,EPOST,,840,,93,,,,,,,,,,,,,12280,,,,,,,,,,,,,,,,
tharp1999,,AMARE,,,treatment,,NA,,,glyphosate,EPOST,,840,,89,,,,,,,,,,,,,12280,,,,,,,,,,,,,,,,
tharp1999,,ABUTH,,,treatment,,NA,,,glyphosate,EPOST,,840,,76,,,,,,,,,,,,,12280,,,,,,,,,,,,,,,,
tharp1999,,SETFA,,,treatment,,NA,,,glyphosate,LPOST,,840,,96,,,,,,,,,,,,,10890,,,,,,,,,,,,,,,,
tharp1999,,CHEAL,,,treatment,,NA,,,glyphosate,LPOST,,840,,98,,,,,,,,,,,,,10890,,,,,,,,,,,,,,,,
tharp1999,,AMARE,,,treatment,,NA,,,glyphosate,LPOST,,840,,94,,,,,,,,,,,,,10890,,,,,,,,,,,,,,,,
tharp1999,,ABUTH,,,treatment,,NA,,,glyphosate,LPOST,,840,,89,,,,,,,,,,,,,10890,,,,,,,,,,,,,,,,
tharp1999,,SETFA,,,treatment,,NA,,,glufosinate,EPOST,,180,,84,,,,,,,,,,,,,8060,,,,,,,,,,,,,,,,
tharp1999,,CHEAL,,,treatment,,NA,,,glufosinate,EPOST,,180,,67,,,,,,,,,,,,,8060,,,,,,,,,,,,,,,,
tharp1999,,AMARE,,,treatment,,NA,,,glufosinate,EPOST,,180,,86,,,,,,,,,,,,,8060,,,,,,,,,,,,,,,,
tharp1999,,ABUTH,,,treatment,,NA,,,glufosinate,EPOST,,180,,82,,,,,,,,,,,,,8060,,,,,,,,,,,,,,,,
tharp1999,,SETFA,,,treatment,,NA,,,glufosinate,LPOST,,180,,84,,,,,,,,,,,,,8090,,,,,,,,,,,,,,,,
tharp1999,,CHEAL,,,treatment,,NA,,,glufosinate,LPOST,,180,,88,,,,,,,,,,,,,8090,,,,,,,,,,,,,,,,
tharp1999,,AMARE,,,treatment,,NA,,,glufosinate,LPOST,,180,,85,,,,,,,,,,,,,8090,,,,,,,,,,,,,,,,
tharp1999,,ABUTH,,,treatment,,NA,,,glufosinate,LPOST,,180,,75,,,,,,,,,,,,,8090,,,,,,,,,,,,,,,,
tharp1999,,SETFA,,,treatment,,NA,,,glufosinate,EPOST,,300,,80,,,,,,,,,,,,,8810,,,,,,,,,,,,,,,,
tharp1999,,CHEAL,,,treatment,,NA,,,glufosinate,EPOST,,300,,85,,,,,,,,,,,,,8810,,,,,,,,,,,,,,,,
tharp1999,,AMARE,,,treatment,,NA,,,glufosinate,EPOST,,300,,86,,,,,,,,,,,,,8810,,,,,,,,,,,,,,,,
tharp1999,,ABUTH,,,treatment,,NA,,,glufosinate,EPOST,,300,,79,,,,,,,,,,,,,8810,,,,,,,,,,,,,,,,
tharp1999,,SETFA,,,treatment,,NA,,,glufosinate,LPOST,,300,,92,,,,,,,,,,,,,8820,,,,,,,,,,,,,,,,
tharp1999,,CHEAL,,,treatment,,NA,,,glufosinate,LPOST,,300,,93,,,,,,,,,,,,,8820,,,,,,,,,,,,,,,,
tharp1999,,AMARE,,,treatment,,NA,,,glufosinate,LPOST,,300,,94,,,,,,,,,,,,,8820,,,,,,,,,,,,,,,,
tharp1999,,ABUTH,,,treatment,,NA,,,glufosinate,LPOST,,300,,90,,,,,,,,,,,,,8820,,,,,,,,,,,,,,,,
tharp1999,,SETFA,,,treatment,,NA,,,glufosinate,EPOST,,410,,84,,,,,,,,,,,,,9200,,,,,,,,,,,,,,,,
tharp1999,,CHEAL,,,treatment,,NA,,,glufosinate,EPOST,,410,,89,,,,,,,,,,,,,9200,,,,,,,,,,,,,,,,
tharp1999,,AMARE,,,treatment,,NA,,,glufosinate,EPOST,,410,,86,,,,,,,,,,,,,9200,,,,,,,,,,,,,,,,
tharp1999,,ABUTH,,,treatment,,NA,,,glufosinate,EPOST,,410,,85,,,,,,,,,,,,,9200,,,,,,,,,,,,,,,,
tharp1999,,SETFA,,,treatment,,NA,,,glufosinate,LPOST,,410,,92,,,,,,,,,,,,,9140,,,,,,,,,,,,,,,,
tharp1999,,CHEAL,,,treatment,,NA,,,glufosinate,LPOST,,410,,95,,,,,,,,,,,,,9140,,,,,,,,,,,,,,,,
tharp1999,,AMARE,,,treatment,,NA,,,glufosinate,LPOST,,410,,91,,,,,,,,,,,,,9140,,,,,,,,,,,,,,,,
tharp1999,,ABUTH,,,treatment,,NA,,,glufosinate,LPOST,,410,,92,,,,,,,,,,,,,9140,,,,,,,,,,,,,,,,
gower2003,NA,grass,,,treatment,,NA,,,glyphosate,5,1,NA,,74,,,,,,,,,,,,,,7,,,,,,,,,,,,,,,
gower2003,NA,grass,,,treatment,,NA,,,glyphosate,10,1,NA,,84,,,,,,,,,,,,,,6,,,,,,,,,,,,,,,
gower2003,NA,grass,,,treatment,,NA,,,glyphosate,15,1,NA,,90,,,,,,,,,,,,,,7,,,,,,,,,,,,,,,
gower2003,NA,grass,,,treatment,,NA,,,glyphosate,23,1,NA,,93,,,,,,,,,,,,,,9,,,,,,,,,,,,,,,
gower2003,NA,grass,,,treatment,,NA,,,glyphosate,30,1,NA,,95,,,,,,,,,,,,,,21,,,,,,,,,,,,,,,
gower2003,NA,grass,,,treatment,,NA,,,glyphosate,NA,2,NA,,94,,,,,,,,,,,,,,-1,,,,,,,,,,,,,,,
gower2003,NA,broadleaf,,,treatment,,NA,,,glyphosate,5,1,NA,,84,,,,,,,,,,,,,,NA,,,,,,,,,,,,,,,
gower2003,NA,broadleaf,,,treatment,,NA,,,glyphosate,10,1,NA,,91,,,,,,,,,,,,,,NA,,,,,,,,,,,,,,,
gower2003,NA,broadleaf,,,treatment,,NA,,,glyphosate,15,1,NA,,94,,,,,,,,,,,,,,NA,,,,,,,,,,,,,,,
gower2003,NA,broadleaf,,,treatment,,NA,,,glyphosate,23,1,NA,,95,,,,,,,,,,,,,,NA,,,,,,,,,,,,,,,
gower2003,NA,broadleaf,,,treatment,,NA,,,glyphosate,30,1,NA,,93,,,,,,,,,,,,,,NA,,,,,,,,,,,,,,,
gower2003,NA,broadleaf,,,treatment,,NA,,,glyphosate,NA,2,NA,,97,,,,,,,,,,,,,,3,,,,,,,,,,,,,,,
solie1991,1989,BROSE,weed_free,,treatment,,7.5,,,,,,,,,,,,,,,,,,,,,3570,,,,,,,,,,,,,,,,
solie1991,1989,BROSE,weed_free,,treatment,,15,,,,,,,,,,,,,,,,,,,,,3450,,,,,,,,,,,,,,,,
solie1991,1989,BROSE,weed_free,,treatment,,23,,,,,,,,,,,,,,,,,,,,,3130,,,,,,,,,,,,,,,,
solie1991,1989,BROSE,weedy,,treatment,,7.5,,,,,,,,,,,,,,,,,,,,,1880,,,,,,,,,,,,,,,,
solie1991,1989,BROSE,weedy,,treatment,,15,,,,,,,,,,,,,,,,,,,,,1930,,,,,,,,,,,,,,,,
solie1991,1989,BROSE,weedy,,treatment,,23,,,,,,,,,,,,,,,,,,,,,1880,,,,,,,,,,,,,,,,
solie1991,1990,BROSE,weed_free,,treatment,,7.5,,,,,,,,,,,,,,,,,,,,,2883,,,,,,,,,,,,,,,,
solie1991,1990,BROSE,weed_free,,treatment,,15,,,,,,,,,,,,,,,,,,,,,2686,,,,,,,,,,,,,,,,
solie1991,1990,BROSE,weed_free,,treatment,,23,,,,,,,,,,,,,,,,,,,,,2626,,,,,,,,,,,,,,,,
solie1991,1990,BROSE,weedy,,treatment,,7.5,,,,,,,,,,,,,,,,,,,,,2556,,,,,,,,,,,,,,,,
solie1991,1990,BROSE,weedy,,treatment,,15,,,,,,,,,,,,,,,,,,,,,2513,,,,,,,,,,,,,,,,
solie1991,1990,BROSE,weedy,,treatment,,23,,,,,,,,,,,,,,,,,,,,,7230,,,,,,,,,,,,,,,,
cox2006,2003,,weed_free,,treatment,,,,,,,,,,,,,1,15.8,,34.9,549,216,2.54,,,,11100,,,,,,,,,,,,,,,,
cox2006,2003,,weedy,,treatment,,,,,glyphosate,,,,,,,,1,15.7,,33.6,528,248,2.51,,,,11100,,,,,,,,,,,,,,,,
cox2006,2003,,EPOST,,treatment,,,,,glyphosate,,,,,,,,1,15.0,,28.7,431,239,1.57,,,,8300,,,,,,,,,,,,,,,,
cox2006,2003,,MPOST,,treatment,,,,,glyphosate,,,,,,,,1,14.0,,25.8,361,205,1.25,,,,6400,,,,,,,,,,,,,,,,
cox2006,2003,,LPOST,,treatment,,,,,glyphosate,,,,,,,,0.98,13.2,,16.2,214,180,1.18,,,,3200,,,,,,,,,,,,,,,,
rueda2011,2008,,,,,,,,,,,,,regression,39,32,46,,,,,,,,,,,,,,,,,,,,,,,,,,,
monks1996,1992,PANTE,,,weedy_control,,,,,,,,,,,,,,,,,,,,,,,1240,,,,,,,,,,,,,,,,
monks1996,1992,PANTE,,,treatment,,,,,ac263222,EPOST,,36,,83,,,,,,,,,,,,,6440,,,,,,,,,,,,,,,,
monks1996,1992,PANTE,,,treatment,,,,,ac263222,MPOST,,36,,75,,,,,,,,,,,,,6550,,,,,,,,,,,,,,,,
monks1996,1992,PANTE,,,treatment,,,,,ac263222,LPOST,,36,,63,,,,,,,,,,,,,6380,,,,,,,,,,,,,,,,
monks1996,1992,PANTE,,,treatment,,,,,ac263222,EPOST,,72,,92,,,,,,,,,,,,,7170,,,,,,,,,,,,,,,,
monks1996,1992,PANTE,,,treatment,,,,,ac263222,MPOST,,72,,91,,,,,,,,,,,,,6780,,,,,,,,,,,,,,,,
monks1996,1992,PANTE,,,treatment,,,,,ac263222,LPOST,,72,,95,,,,,,,,,,,,,5990,,,,,,,,,,,,,,,,
monks1996,1992,PANTE,,,treatment,,,,,imazethapyr,EPOST,,36,,74,,,,,,,,,,,,,7340,,,,,,,,,,,,,,,,
monks1996,1992,PANTE,,,treatment,,,,,imazethapyr,MPOST,,36,,80,,,,,,,,,,,,,6550,,,,,,,,,,,,,,,,
monks1996,1992,PANTE,,,treatment,,,,,imazethapyr,LPOST,,36,,30,,,,,,,,,,,,,6940,,,,,,,,,,,,,,,,
monks1996,1992,PANTE,,,treatment,,,,,imazethapyr,EPOST,,72,,68,,,,,,,,,,,,,7340,,,,,,,,,,,,,,,,
monks1996,1992,PANTE,,,treatment,,,,,imazethapyr,MPOST,,72,,79,,,,,,,,,,,,,6780,,,,,,,,,,,,,,,,
monks1996,1992,PANTE,,,treatment,,,,,imazethapyr,LPOST,,72,,26,,,,,,,,,,,,,5100,,,,,,,,,,,,,,,,
monks1996,1992,PANTE,,,treatment,,,,,nicosulfron,EPOST,,35,,88,,,,,,,,,,,,,7060,,,,,,,,,,,,,,,,
monks1996,1992,PANTE,,,treatment,,,,,nicosulfron,MPOST,,35,,96,,,,,,,,,,,,,5150,,,,,,,,,,,,,,,,
monks1996,1992,PANTE,,,treatment,,,,,nicosulfron,LPOST,,35,,92,,,,,,,,,,,,,6500,,,,,,,,,,,,,,,,
monks1996,1992,CASOB,,,treatment,,,,,ac263222,EPOST,,36,,98,,,,,,,,,,,,,,,,,,,,,,,,,,,,,
monks1996,1992,CASOB,,,treatment,,,,,ac263222,MPOST,,36,,90,,,,,,,,,,,,,,,,,,,,,,,,,,,,,
monks1996,1992,CASOB,,,treatment,,,,,ac263222,LPOST,,36,,92,,,,,,,,,,,,,,,,,,,,,,,,,,,,,
monks1996,1992,CASOB,,,treatment,,,,,ac263222,EPOST,,72,,98,,,,,,,,,,,,,,,,,,,,,,,,,,,,,
monks1996,1992,CASOB,,,treatment,,,,,ac263222,MPOST,,72,,100,,,,,,,,,,,,,,,,,,,,,,,,,,,,,
monks1996,1992,CASOB,,,treatment,,,,,ac263222,LPOST,,72,,91,,,,,,,,,,,,,,,,,,,,,,,,,,,,,
monks1996,1992,CASOB,,,treatment,,,,,imazethapyr,EPOST,,36,,50,,,,,,,,,,,,,,,,,,,,,,,,,,,,,
monks1996,1992,CASOB,,,treatment,,,,,imazethapyr,MPOST,,36,,23,,,,,,,,,,,,,,,,,,,,,,,,,,,,,
monks1996,1992,CASOB,,,treatment,,,,,imazethapyr,LPOST,,36,,28,,,,,,,,,,,,,,,,,,,,,,,,,,,,,
monks1996,1992,CASOB,,,treatment,,,,,imazethapyr,EPOST,,72,,38,,,,,,,,,,,,,,,,,,,,,,,,,,,,,
monks1996,1992,CASOB,,,treatment,,,,,imazethapyr,MPOST,,72,,39,,,,,,,,,,,,,,,,,,,,,,,,,,,,,
monks1996,1992,CASOB,,,treatment,,,,,imazethapyr,LPOST,,72,,30,,,,,,,,,,,,,,,,,,,,,,,,,,,,,
monks1996,1992,CASOB,,,treatment,,,,,nicosulfron,EPOST,,35,,91,,,,,,,,,,,,,,,,,,,,,,,,,,,,,
monks1996,1992,CASOB,,,treatment,,,,,nicosulfron,MPOST,,35,,86,,,,,,,,,,,,,,,,,,,,,,,,,,,,,
monks1996,1992,CASOB,,,treatment,,,,,nicosulfron,LPOST,,35,,59,,,,,,,,,,,,,,,,,,,,,,,,,,,,,
monks1996,1992,IPOSS,,,treatment,,,,,ac263222,EPOST,,36,,100,,,,,,,,,,,,,,,,,,,,,,,,,,,,,
monks1996,1992,IPOSS,,,treatment,,,,,ac263222,MPOST,,36,,40,,,,,,,,,,,,,,,,,,,,,,,,,,,,,
monks1996,1992,IPOSS,,,treatment,,,,,ac263222,LPOST,,36,,0,,,,,,,,,,,,,,,,,,,,,,,,,,,,,
monks1996,1992,IPOSS,,,treatment,,,,,ac263222,EPOST,,72,,100,,,,,,,,,,,,,,,,,,,,,,,,,,,,,
monks1996,1992,IPOSS,,,treatment,,,,,ac263222,MPOST,,72,,40,,,,,,,,,,,,,,,,,,,,,,,,,,,,,
monks1996,1992,IPOSS,,,treatment,,,,,ac263222,LPOST,,72,,0,,,,,,,,,,,,,,,,,,,,,,,,,,,,,
monks1996,1992,IPOSS,,,treatment,,,,,imazethapyr,EPOST,,36,,87,,,,,,,,,,,,,,,,,,,,,,,,,,,,,
monks1996,1992,IPOSS,,,treatment,,,,,imazethapyr,MPOST,,36,,0,,,,,,,,,,,,,,,,,,,,,,,,,,,,,
monks1996,1992,IPOSS,,,treatment,,,,,imazethapyr,LPOST,,36,,0,,,,,,,,,,,,,,,,,,,,,,,,,,,,,
monks1996,1992,IPOSS,,,treatment,,,,,imazethapyr,EPOST,,72,,95,,,,,,,,,,,,,,,,,,,,,,,,,,,,,
monks1996,1992,IPOSS,,,treatment,,,,,imazethapyr,MPOST,,72,,40,,,,,,,,,,,,,,,,,,,,,,,,,,,,,
monks1996,1992,IPOSS,,,treatment,,,,,imazethapyr,LPOST,,72,,0,,,,,,,,,,,,,,,,,,,,,,,,,,,,,
monks1996,1992,IPOSS,,,treatment,,,,,nicosulfron,EPOST,,35,,86,,,,,,,,,,,,,,,,,,,,,,,,,,,,,
monks1996,1992,IPOSS,,,treatment,,,,,nicosulfron,MPOST,,35,,40,,,,,,,,,,,,,,,,,,,,,,,,,,,,,
monks1996,1992,IPOSS,,,treatment,,,,,nicosulfron,LPOST,,35,,0,,,,,,,,,,,,,,,,,,,,,,,,,,,,,
monks1996,1993,PANTE,,,treatment,,,,,ac263222,EPOST,,36,,80,,,,,,,,,,,,,3725,,,,,,,,,,,,,,,,
monks1996,1993,PANTE,,,treatment,,,,,ac263222,MPOST,,36,,58,,,,,,,,,,,,,3500,,,,,,,,,,,,,,,,
monks1996,1993,PANTE,,,treatment,,,,,ac263222,LPOST,,36,,28,,,,,,,,,,,,,2800,,,,,,,,,,,,,,,,
monks1996,1993,PANTE,,,treatment,,,,,ac263222,EPOST,,72,,97,,,,,,,,,,,,,4845,,,,,,,,,,,,,,,,
monks1996,1993,PANTE,,,treatment,,,,,ac263222,MPOST,,72,,67,,,,,,,,,,,,,4175,,,,,,,,,,,,,,,,
monks1996,1993,PANTE,,,treatment,,,,,ac263222,LPOST,,72,,35,,,,,,,,,,,,,2940,,,,,,,,,,,,,,,,
monks1996,1993,PANTE,,,treatment,,,,,imazethapyr,EPOST,,36,,38,,,,,,,,,,,,,3360,,,,,,,,,,,,,,,,
monks1996,1993,PANTE,,,treatment,,,,,imazethapyr,MPOST,,36,,17,,,,,,,,,,,,,3220,,,,,,,,,,,,,,,,
monks1996,1993,PANTE,,,treatment,,,,,imazethapyr,LPOST,,36,,13,,,,,,,,,,,,,2350,,,,,,,,,,,,,,,,
monks1996,1993,PANTE,,,treatment,,,,,imazethapyr,EPOST,,72,,64,,,,,,,,,,,,,3415,,,,,,,,,,,,,,,,
monks1996,1993,PANTE,,,treatment,,,,,imazethapyr,MPOST,,72,,41,,,,,,,,,,,,,3220,,,,,,,,,,,,,,,,
monks1996,1993,PANTE,,,treatment,,,,,imazethapyr,LPOST,,72,,22,,,,,,,,,,,,,5550,,,,,,,,,,,,,,,,
monks1996,1993,PANTE,,,treatment,,,,,nicosulfron,EPOST,,35,,92,,,,,,,,,,,,,4170,,,,,,,,,,,,,,,,
monks1996,1993,PANTE,,,treatment,,,,,nicosulfron,MPOST,,35,,69,,,,,,,,,,,,,3705,,,,,,,,,,,,,,,,
monks1996,1993,PANTE,,,treatment,,,,,nicosulfron,LPOST,,35,,45,,,,,,,,,,,,,2910,,,,,,,,,,,,,,,,
monks1996,1993,CASOB,,,treatment,,,,,ac263222,EPOST,,36,,83,,,,,,,,,,,,,,,,,,,,,,,,,,,,,
monks1996,1993,CASOB,,,treatment,,,,,ac263222,MPOST,,36,,64,,,,,,,,,,,,,,,,,,,,,,,,,,,,,
monks1996,1993,CASOB,,,treatment,,,,,ac263222,LPOST,,36,,30,,,,,,,,,,,,,,,,,,,,,,,,,,,,,
monks1996,1993,CASOB,,,treatment,,,,,ac263222,EPOST,,72,,97,,,,,,,,,,,,,,,,,,,,,,,,,,,,,
monks1996,1993,CASOB,,,treatment,,,,,ac263222,MPOST,,72,,65,,,,,,,,,,,,,,,,,,,,,,,,,,,,,
monks1996,1993,CASOB,,,treatment,,,,,ac263222,LPOST,,72,,30,,,,,,,,,,,,,,,,,,,,,,,,,,,,,
monks1996,1993,CASOB,,,treatment,,,,,imazethapyr,EPOST,,36,,24,,,,,,,,,,,,,,,,,,,,,,,,,,,,,
monks1996,1993,CASOB,,,treatment,,,,,imazethapyr,MPOST,,36,,13,,,,,,,,,,,,,,,,,,,,,,,,,,,,,
monks1996,1993,CASOB,,,treatment,,,,,imazethapyr,LPOST,,36,,17,,,,,,,,,,,,,,,,,,,,,,,,,,,,,
monks1996,1993,CASOB,,,treatment,,,,,imazethapyr,EPOST,,72,,53,,,,,,,,,,,,,,,,,,,,,,,,,,,,,
monks1996,1993,CASOB,,,treatment,,,,,imazethapyr,MPOST,,72,,44,,,,,,,,,,,,,,,,,,,,,,,,,,,,,
monks1996,1993,CASOB,,,treatment,,,,,imazethapyr,LPOST,,72,,17,,,,,,,,,,,,,,,,,,,,,,,,,,,,,
monks1996,1993,CASOB,,,treatment,,,,,nicosulfron,EPOST,,35,,72,,,,,,,,,,,,,,,,,,,,,,,,,,,,,
monks1996,1993,CASOB,,,treatment,,,,,nicosulfron,MPOST,,35,,55,,,,,,,,,,,,,,,,,,,,,,,,,,,,,
monks1996,1993,CASOB,,,treatment,,,,,nicosulfron,LPOST,,35,,17,,,,,,,,,,,,,,,,,,,,,,,,,,,,,
monks1996,1993,IPOSS,,,treatment,,,,,ac263222,EPOST,,36,,88,,,,,,,,,,,,,,,,,,,,,,,,,,,,,
monks1996,1993,IPOSS,,,treatment,,,,,ac263222,MPOST,,36,,93,,,,,,,,,,,,,,,,,,,,,,,,,,,,,
monks1996,1993,IPOSS,,,treatment,,,,,ac263222,LPOST,,36,,70,,,,,,,,,,,,,,,,,,,,,,,,,,,,,
monks1996,1993,IPOSS,,,treatment,,,,,ac263222,EPOST,,72,,99,,,,,,,,,,,,,,,,,,,,,,,,,,,,,
monks1996,1993,IPOSS,,,treatment,,,,,ac263222,MPOST,,72,,87,,,,,,,,,,,,,,,,,,,,,,,,,,,,,
monks1996,1993,IPOSS,,,treatment,,,,,ac263222,LPOST,,72,,61,,,,,,,,,,,,,,,,,,,,,,,,,,,,,
monks1996,1993,IPOSS,,,treatment,,,,,imazethapyr,EPOST,,36,,84,,,,,,,,,,,,,,,,,,,,,,,,,,,,,
monks1996,1993,IPOSS,,,treatment,,,,,imazethapyr,MPOST,,36,,82,,,,,,,,,,,,,,,,,,,,,,,,,,,,,
monks1996,1993,IPOSS,,,treatment,,,,,imazethapyr,LPOST,,36,,70,,,,,,,,,,,,,,,,,,,,,,,,,,,,,
monks1996,1993,IPOSS,,,treatment,,,,,imazethapyr,EPOST,,72,,93,,,,,,,,,,,,,,,,,,,,,,,,,,,,,
monks1996,1993,IPOSS,,,treatment,,,,,imazethapyr,MPOST,,72,,81,,,,,,,,,,,,,,,,,,,,,,,,,,,,,
monks1996,1993,IPOSS,,,treatment,,,,,imazethapyr,LPOST,,72,,75,,,,,,,,,,,,,,,,,,,,,,,,,,,,,
monks1996,1993,IPOSS,,,treatment,,,,,nicosulfron,EPOST,,35,,87,,,,,,,,,,,,,,,,,,,,,,,,,,,,,
monks1996,1993,IPOSS,,,treatment,,,,,nicosulfron,MPOST,,35,,85,,,,,,,,,,,,,,,,,,,,,,,,,,,,,
monks1996,1993,IPOSS,,,treatment,,,,,nicosulfron,LPOST,,35,,56,,,,,,,,,,,,,,,,,,,,,,,,,,,,,
zhang1996,1992,NA,NA,,weedy_control,no_control,,,,,,,,aov,,,,,,,,,,,,,,1080,,,,,,,,,,,,,,,,
zhang1996,1992,NA,NA,,treatment,interrow_cultivation,,,,,,,,aov,,,,,,,,,,,,,,3240,,,,,,,,,,,,,,,,
zhang1996,1992,NA,NA,,treatment,chemical,,,,,,,,aov,,,,,,,,,,,,,,5160,,,,,,,,,,,,,,,,
nurse2007,,,,,weedfree_control,,,,,,,,NA,,100,,,,,,,,,,,,,7620,,,,,,,,,,,,,,,,
nurse2007,,,,,treatment,,,,,,,,35,,100,,,,,,,,,,,,,5900,,,,,,,,,,,,,,,,
nurse2007,,AMBEL,,,treatment,,,,,,,,8.75,,21,,,,,,,,,,,,,,,,,,,,,,,,,,,,,
nurse2007,,AMBEL,,,treatment,,,,,,,,17.5,,31,,,,,,,,,,,,,,,,,,,,,,,,,,,,,
nurse2007,,AMBEL,,,treatment,,,,,,,,35,,77,,,,,,,,,,,,,,,,,,,,,,,,,,,,,
nurse2007,,AMBEL,,,treatment,,,,,,,,70,,87,,,,,,,,,,,,,,,,,,,,,,,,,,,,,
nurse2007,,AMBEL,,,treatment,,,,,,,,105,,88,,,,,,,,,,,,,,,,,,,,,,,,,,,,,
nurse2007,,AMBEL,,,treatment,,,,,,,,140,,95,,,,,,,,,,,,,,,,,,,,,,,,,,,,,
nurse2007,,CHEAL,,,treatment,,,,,,,,8.75,,51,,,,,,,,,,,,,,,,,,,,,,,,,,,,,
nurse2007,,CHEAL,,,treatment,,,,,,,,17.5,,67,,,,,,,,,,,,,,,,,,,,,,,,,,,,,
nurse2007,,CHEAL,,,treatment,,,,,,,,35,,77,,,,,,,,,,,,,,,,,,,,,,,,,,,,,
nurse2007,,CHEAL,,,treatment,,,,,,,,70,,89,,,,,,,,,,,,,,,,,,,,,,,,,,,,,
nurse2007,,CHEAL,,,treatment,,,,,,,,105,,97,,,,,,,,,,,,,,,,,,,,,,,,,,,,,
nurse2007,,CHEAL,,,treatment,,,,,,,,140,,96,,,,,,,,,,,,,,,,,,,,,,,,,,,,,
nurse2007,,SETVI,,,treatment,,,,,,,,8.75,,84,,,,,,,,,,,,,,,,,,,,,,,,,,,,,
nurse2007,,SETVI,,,treatment,,,,,,,,17.5,,85,,,,,,,,,,,,,,,,,,,,,,,,,,,,,
nurse2007,,SETVI,,,treatment,,,,,,,,35,,90,,,,,,,,,,,,,,,,,,,,,,,,,,,,,
nurse2007,,SETVI,,,treatment,,,,,,,,70,,95,,,,,,,,,,,,,,,,,,,,,,,,,,,,,
nurse2007,,SETVI,,,treatment,,,,,,,,105,,89,,,,,,,,,,,,,,,,,,,,,,,,,,,,,
nurse2007,,SETVI,,,treatment,,,,,,,,140,,91,,,,,,,,,,,,,,,,,,,,,,,,,,,,,
kolb2012,,,,4000000,treatment,standard,18,,,no,NA,0,,,,,,,,,,,,,,,,2480,,,,,,,,,,50,,98,,,,NA
kolb2012,,,,4000000,treatment,standard+,18,,,no,both,2,,,,,,,,,,,,,,,,2490,,,,,,,,,,39,,65,,,,999
kolb2012,,,,4000000,treatment,hd_standard+,18,,,no,both,2,,,,,,,,,,,,,,,,2540,,,,,,,,,,25,,41,,,,974
kolb2012,,,,6000000,treatment,hd_db+,11,,,no,both,2,,,,,,,,,,,,,,,,2380,,,,,,,,,,28,,48,,,,NA
kolb2012,,,,6000000,treatment,hd_narrow+,11,,,no,both,2,,,,,,,,,,,,,,,,2590,,,,,,,,,,29,,36,,,,967
kolb2012,,,,6000000,treatment,wide+,43,,,no,both,2,,,,,,,,,,,,,,,,2900,,,,,,,,,,15,,30,,,,1190
gholamhoseini2013,2010,,,,weedfree_control,,,,,,,,,,,,,,,,,,,,,,,3120,,,,,,,,,,,,,,,,
gholamhoseini2013,2010,,,,weedy_control,,,,,,,,,,,,,,,,,,,,,,,1816,,,,,,,,,,,,,,,,
gholamhoseini2013,2011,,,,weedfree_control,,,,,,,,,,,,,,,,,,,,,,,2977,,,,,,,,,,,,,,,,
gholamhoseini2013,2011,,,,weedy_control,,,,,,,,,,,,,,,,,,,,,,,2020,,,,,,,,,,,,,,,,
iffat2010,2005,RUMDE,,,treatment,,22,,,,,,,,,,,,,,,,,,,,,,57,37,45,,,,,,,,,,,,,
iffat2010,2005,MEDPO,,,treatment,,22,,,,,,,,,,,,,,,,,,,,,,26,43,39,,,,,,,,,,,,,
iffat2010,2005,POAAN,,,treatment,,22,,,,,,,,,,,,,,,,,,,,,,38,50,48,,,,,,,,,,,,,
iffat2010,2005,COPDI,,,treatment,,22,,,,,,,,,,,,,,,,,,,,,,42,48,47,,,,,,,,,,,,,
iffat2010,2005,PHAMI,,,treatment,,22,,,,,,,,,,,,,,,,,,,,,,50,43,43,,,,,,,,,,,,,
iffat2010,2005,CHEAL,,,treatment,,22,,,,,,,,,,,,,,,,,,,,,,44,43,37,,,,,,,,,,,,,
clay1998,1992,,,,weedy_control,,,,,,,,,,,,,,,,,,,,,,,8050,,,,,,,,,,320,,,,,,
clay1998,1992,,,,treatment,,,,,,PRE,,,,,,,,,,,,,,,,,8225,,,,,,,,,,30,,,,,,
clay1998,1992,,,,treatment,,,,,,POST,,,,,,,,,,,,,,,,,7570,,,,,,,,,,260,,,,,,
clay1998,1993,,,,weedy_control,,,,,,,,,,,,,,,,,,,,,,,2320,,,,,,,,,,820,,,,,,
clay1998,1993,,,,treatment,,,,,,PRE,,,,,,,,,,,,,,,,,5340,,,,,,,,,,40,,,,,,
clay1998,1993,,,,treatment,,,,,,POST,,,,,,,,,,,,,,,,,4330,,,,,,,,,,250,,,,,,
clay1998,1994,,,,weedy_control,,,,,,,,,,,,,,,,,,,,,,,4700,,,,,,,,,,880,,,,,,
clay1998,1994,,,,treatment,,,,,,PRE,,,,,,,,,,,,,,,,,7975,,,,,,,,,,83,,,,,,
clay1998,1994,,,,treatment,,,,,,POST,,,,,,,,,,,,,,,,,6650,,,,,,,,,,385,,,,,,
scott1995,,LAMAM,,,,,,,,,,,,,,,,,,,,,,,-0.04,7,0.92,,,,,,,,,,,,,,,,,
scott1995,,LAMAM+OEOLA,,,,,,,,,,,,,,,,,,,,,,,-0.54,5,0.34,,,,,,,,,,,,,,,,,
scott1995,,ERYRE,,,,,,,,,,,,,,,,,,,,,,,0.92,5,0.03,,,,,,,,,,,,,,,,,
scott1995,,ERYRE,,,,,,,,,,,,,,,,,,,,,,,0.36,4,0.63,,,,,,,,,,,,,,,,,
scott1995,,OEOLA,,,,,,,,,,,,,,,,,,,,,,,-0.04,7,0.92,,,,,,,,,,,,,,,,,
scott1995,,mean,,,,,,,,,,,,,,,,,,,,,,,0.41,24,0.04,,,,,,,,,,,,,,,,,
epperlein2014,,,,,,,,,,,,,,,,,,,,,,,,,,,,,,,,stable,,,,,,,,,,,,
garcia2007,,,,,,,,,,,,,,,,,,,,,,,,,,,,,,,,,,,,,,,,,,,,
iqbal1999,1993,PHAMI,0,,weedfree_control,,,,,,,,,,,,,1.99,,,,89.55,43,21.5,,,,,,,,,,101,,,95,,,,,NA,NA,
iqbal1999,1993,PHAMI,75,,treatment,,,,,,,,,,,,,1.54,,,,69.30,43,,,,,,,,,,,75,,,94,,,,,24,6,
iqbal1999,1993,PHAMI,150,,treatment,,,,,,,,,,,,,1.51,,,,66.44,42,,,,,,,,,,,70,,,94,,,,,35,10,
iqbal1999,1993,PHAMI,300,,treatment,,,,,,,,,,,,,1.51,,,,64.93,42,,,,,,,,,,,70,,,93,,,,,33,12,
iqbal1999,1993,PHAMI,600,,treatment,,,,,,,,,,,,,1.01,,,,43.43,42,19.2,,,,,,,,,,50,,,93,,,,,36,14,
iqbal1999,1993,CHEAL,0,,weedfree_control,,,,,,,,,,,,,2.14,,,,96.30,35,21.5,,,,,,,,,,88,,,96,,,,,NA,NA,
iqbal1999,1993,CHEAL,75,,treatment,,,,,,,,,,,,,1.57,,,,69.08,33,,,,,,,,,,,59,,,95,,,,,89,51,
iqbal1999,1993,CHEAL,150,,treatment,,,,,,,,,,,,,1.38,,,,56.58,34,,,,,,,,,,,49,,,95,,,,,101,34,
iqbal1999,1993,CHEAL,300,,treatment,,,,,,,,,,,,,1.26,,,,47.88,37,,,,,,,,,,,49,,,95,,,,,107,28,
iqbal1999,1993,CHEAL,600,,treatment,,,,,,,,,,,,,1.16,,,,42.92,37,18,,,,,,,,,,47,,,94,,,,,110,14,
iqbal1999,1993,SINAR,0,,weedfree_control,,,,,,,,,,,,,2.24,,,,103.04,42,21.9,,,,,,,,,,112,,,96,,,,,NA,NA,
iqbal1999,1993,SINAR,75,,treatment,,,,,,,,,,,,,2.05,,,,90.20,45,,,,,,,,,,,99,,,94,,,,,77,97,
iqbal1999,1993,SINAR,150,,treatment,,,,,,,,,,,,,2.04,,,,81.60,44,,,,,,,,,,,86,,,93,,,,,100,96,
iqbal1999,1993,SINAR,300,,treatment,,,,,,,,,,,,,1.98,,,,77.22,41,,,,,,,,,,,75,,,93,,,,,127,73,
iqbal1999,1993,SINAR,600,,treatment,,,,,,,,,,,,,1.84,,,,69.92,44,18.8,,,,,,,,,,73,,,92,,,,,104,65,
ponce1995,,,,,weedy_control,,,,,primextra,POST,1,,,,,,0.91,,75.8,,208.2,293.3,,,,,4530,,,,,,937,300,1412.5,,,,,,,,
ponce1995,,,,,treatment,,,,,primextra,POST,1,,,,,,1.01,,135.9,,495.8,338.3,,,,,13060,,,,,,2437,537,2262.5,,,,,,,,
khaliq2013,,,,,weedy_control,,,60,conventional_tillage,no_herbicide,,,,,,,,,,,,,,,,,,,,,,,,,,,,138.0,,118,,,,
khaliq2013,,,,,weedy_control,,,60,reduced_tillage,no_herbicide,,,,,,,,,,,,,,,,,,,,,,,,,,,,97.5,,64,,,,
khaliq2013,,,,,weedy_control,,,60,no_tillage,no_herbicide,,,,,,,,,,,,,,,,,,,,,,,,,,,,67.5,,32,,,,
khaliq2013,,,,,treatment,,,60,conventional_tillage,sorgaab,POST,,,,,,,,,,,,,,,,,,,,,,,,,,,51.0,,36,,,,
khaliq2013,,,,,treatment,,,60,reduced_tillage,sorgaab,POST,,,,,,,,,,,,,,,,,,,,,,,,,,,34.5,,24,,,,
khaliq2013,,,,,treatment,,,60,no_tillage,sorgaab,POST,,,,,,,,,,,,,,,,,,,,,,,,,,,24.0,,16,,,,
khaliq2013,,,,,treatment,,,60,conventional_tillage,iodo+mesosulfuron,POST,,,,,,,,,,,,,,,,,,,,,,,,,,,13.5,,4,,,,
khaliq2013,,,,,treatment,,,60,reduced_tillage,iodo+mesosulfuron,POST,,,,,,,,,,,,,,,,,,,,,,,,,,,7.5,,0,,,,
khaliq2013,,,,,treatment,,,60,no_tillage,iodo+mesosulfuron,POST,,,,,,,,,,,,,,,,,,,,,,,,,,,4.5,,0,,,,
khaliq2013,,,,,treatment,,,60,conventional_tillage,iodo+mesosulfuron+sorgaab,POST,,,,,,,,,,,,,,,,,,,,,,,,,,,18.0,,8,,,,
khaliq2013,,,,,treatment,,,60,reduced_tillage,iodo+mesosulfuron+sorgaab,POST,,,,,,,,,,,,,,,,,,,,,,,,,,,13.5,,2,,,,
khaliq2013,,,,,treatment,,,60,no_tillage,iodo+mesosulfuron+sorgaab,POST,,,,,,,,,,,,,,,,,,,,,,,,,,,7.5,,2,,,,
khaliq2013,,,,,weedy_control,,,90,conventional_tillage,no_herbicide,,,,,,,,,,,,45.00,43.2,,,,,2460,,,,,,,,,,124.5,,164,,,,81000
khaliq2013,,,,,weedy_control,,,90,reduced_tillage,no_herbicide,,,,,,,,,,,,45.75,45.6,,,,,3000,,,,,,,,,,88.5,,100,,,,96536
khaliq2013,,,,,weedy_control,,,90,no_tillage,no_herbicide,,,,,,,,,,,,48.75,44.4,,,,,3240,,,,,,,,,,66.0,,54,,,,109732
khaliq2013,,,,,treatment,,,90,conventional_tillage,sorgaab,POST,,,,,,,,,,,48.75,45.0,,,,,3000,,,,,,,,,,61.5,,80,,,,89493
khaliq2013,,,,,treatment,,,90,reduced_tillage,sorgaab,POST,,,,,,,,,,,52.50,45.0,,,,,3480,,,,,,,,,,45.0,,60,,,,106496
khaliq2013,,,,,treatment,,,90,no_tillage,sorgaab,POST,,,,,,,,,,,53.25,49.2,,,,,3720,,,,,,,,,,33.0,,40,,,,132069
khaliq2013,,,,,treatment,,,90,conventional_tillage,iodo+mesosulfuron,POST,,,,,,,,,,,54.00,50.4,,,,,4020,,,,,,,,,,16.5,,8,,,,117459
khaliq2013,,,,,treatment,,,90,reduced_tillage,iodo+mesosulfuron,POST,,,,,,,,,,,56.25,49.8,,,,,4680,,,,,,,,,,10.5,,2,,,,147421
khaliq2013,,,,,treatment,,,90,no_tillage,iodo+mesosulfuron,POST,,,,,,,,,,,60.00,52.2,,,,,4920,,,,,,,,,,7.5,,0,,,,163951
khaliq2013,,,,,treatment,,,90,conventional_tillage,iodo+mesosulfuron+sorgaab,POST,,,,,,,,,,,48.75,45.6,,,,,3840,,,,,,,,,,22.5,,20,,,,110434
khaliq2013,,,,,treatment,,,90,reduced_tillage,iodo+mesosulfuron+sorgaab,POST,,,,,,,,,,,52.50,48.0,,,,,4200,,,,,,,,,,16.5,,6,,,,130407
khaliq2013,,,,,treatment,,,90,no_tillage,iodo+mesosulfuron+sorgaab,POST,,,,,,,,,,,56.25,51.0,,,,,4860,,,,,,,,,,10.5,,4,,,,158474
bijanzadeh2010,2004,,,,weedy_control,,,56,,no_herbicide,0,,,,,,,,,,,,,,,,,,,,,,,,,,,,,137.2,,,,
bijanzadeh2010,2004,,,,weedfree_control,,,56,,no_weed,0,,,,,,,,,,,,,,,,,,,,,,,,,,,,,0,,,,
bijanzadeh2010,2004,,,,treatment,,,56,,trifluralin,1200,,,,,,,,,,,,,,,,,,,,,,,,,,,,,61.6,,,,
bijanzadeh2010,2004,,,,treatment,,,56,,trifluralin,1400,,,,,,,,,,,,,,,,,,,,,,,,,,,,,59.7,,,,
bijanzadeh2010,2004,,,,treatment,,,56,,trifluralin+propaquizafop+pronamide,1200+100+2000,,,,,,,,,,,,,,,,,,,,,,,,,,,,,60.2,,,,
bijanzadeh2010,2004,,,,treatment,,,56,,trifluralin+propaquizafop+pronamide,1200+200+1500,,,,,,,,,,,,,,,,,,,,,,,,,,,,,63.7,,,,
bijanzadeh2010,2004,,,,treatment,,,56,,trifluralin+propaquizafop+isoxaben,1200+100+500,,,,,,,,,,,,,,,,,,,,,,,,,,,,,26.2,,,,
bijanzadeh2010,2004,,,,treatment,,,56,,trifluralin+propaquizafop+isoxaben,1200+200+250,,,,,,,,,,,,,,,,,,,,,,,,,,,,,20.4,,,,
bijanzadeh2010,2004,,,,treatment,,,56,,trifluralin+hadoxyfo+pronamide,1200+100+2000,,,,,,,,,,,,,,,,,,,,,,,,,,,,,44.8,,,,
bijanzadeh2010,2004,,,,treatment,,,56,,trifluralin+hadoxyfo+pronamide,1200+200+1500,,,,,,,,,,,,,,,,,,,,,,,,,,,,,71.3,,,,
bijanzadeh2010,2004,,,,treatment,,,56,,trifluralin+hadoxyfo+isoxaben,1200+100+500,,,,,,,,,,,,,,,,,,,,,,,,,,,,,23.2,,,,
bijanzadeh2010,2004,,,,treatment,,,56,,trifluralin+hadoxyfo+isoxaben,1200+200+250,,,,,,,,,,,,,,,,,,,,,,,,,,,,,38.8,,,,
bijanzadeh2010,2004,,,,weedy_control,,,112,,no_herbicide,0,,,,,,,,,,,,,,,,,0815,,,,,0.372,,,,,,,252.3,,,,
bijanzadeh2010,2004,,,,weedfree_control,,,112,,no_weed,0,,,,,,,,,,,,,,,,,3276,,,,,1.501,,,,,,,0,,,,
bijanzadeh2010,2004,,,,treatment,,,112,,trifluralin,1200,,,,,,,,,,,,,,,,,2615,,,,,1.187,,,,,,,114.7,,,,
bijanzadeh2010,2004,,,,treatment,,,112,,trifluralin,1400,,,,,,,,,,,,,,,,,2565,,,,,1.160,,,,,,,118.5,,,,
bijanzadeh2010,2004,,,,treatment,,,112,,trifluralin+propaquizafop+pronamide,1200+100+2000,,,,,,,,,,,,,,,,,2920,,,,,1.334,,,,,,,74.2,,,,
bijanzadeh2010,2004,,,,treatment,,,112,,trifluralin+propaquizafop+pronamide,1200+200+1500,,,,,,,,,,,,,,,,,2849,,,,,1.300,,,,,,,84.1,,,,
bijanzadeh2010,2004,,,,treatment,,,112,,trifluralin+propaquizafop+isoxaben,1200+100+500,,,,,,,,,,,,,,,,,3010,,,,,1.379,,,,,,,54.5,,,,
bijanzadeh2010,2004,,,,treatment,,,112,,trifluralin+propaquizafop+isoxaben,1200+200+250,,,,,,,,,,,,,,,,,2987,,,,,1.356,,,,,,,39.2,,,,
bijanzadeh2010,2004,,,,treatment,,,112,,trifluralin+hadoxyfo+pronamide,1200+100+2000,,,,,,,,,,,,,,,,,2973,,,,,1.336,,,,,,,75.4,,,,
bijanzadeh2010,2004,,,,treatment,,,112,,trifluralin+hadoxyfo+pronamide,1200+200+1500,,,,,,,,,,,,,,,,,2814,,,,,1.289,,,,,,,95.3,,,,
bijanzadeh2010,2004,,,,treatment,,,112,,trifluralin+hadoxyfo+isoxaben,1200+100+500,,,,,,,,,,,,,,,,,3284,,,,,1.498,,,,,,,48.6,,,,
bijanzadeh2010,2004,,,,treatment,,,112,,trifluralin+hadoxyfo+isoxaben,1200+200+250,,,,,,,,,,,,,,,,,3105,,,,,1.425,,,,,,,62.2,,,,
bijanzadeh2010,2005,,,,weedy_control,,,56,,no_herbicide,0,,,,,,,,,,,,,,,,,,,,,,,,,,,,,141.3,,,,
bijanzadeh2010,2005,,,,weedy_control,,,56,,no_weed,0,,,,,,,,,,,,,,,,,,,,,,,,,,,,,0,,,,
bijanzadeh2010,2005,,,,treatment,,,56,,trifluralin,1200,,,,,,,,,,,,,,,,,,,,,,,,,,,,,60.2,,,,
bijanzadeh2010,2005,,,,treatment,,,56,,trifluralin,1400,,,,,,,,,,,,,,,,,,,,,,,,,,,,,67.6,,,,
bijanzadeh2010,2005,,,,treatment,,,56,,trifluralin+propaquizafop+pronamide,1200+100+2000,,,,,,,,,,,,,,,,,,,,,,,,,,,,,35.4,,,,
bijanzadeh2010,2005,,,,treatment,,,56,,trifluralin+propaquizafop+pronamide,1200+200+1500,,,,,,,,,,,,,,,,,,,,,,,,,,,,,62.1,,,,
bijanzadeh2010,2005,,,,treatment,,,56,,trifluralin+propaquizafop+isoxaben,1200+100+500,,,,,,,,,,,,,,,,,,,,,,,,,,,,,31.2,,,,
bijanzadeh2010,2005,,,,treatment,,,56,,trifluralin+propaquizafop+isoxaben,1200+200+250,,,,,,,,,,,,,,,,,,,,,,,,,,,,,31.8,,,,
bijanzadeh2010,2005,,,,treatment,,,56,,trifluralin+hadoxyfo+pronamide,1200+100+2000,,,,,,,,,,,,,,,,,,,,,,,,,,,,,51.6,,,,
bijanzadeh2010,2005,,,,treatment,,,56,,trifluralin+hadoxyfo+pronamide,1200+200+1500,,,,,,,,,,,,,,,,,,,,,,,,,,,,,62.8,,,,
bijanzadeh2010,2005,,,,treatment,,,56,,trifluralin+hadoxyfo+isoxaben,1200+100+500,,,,,,,,,,,,,,,,,,,,,,,,,,,,,15.4,,,,
bijanzadeh2010,2005,,,,treatment,,,56,,trifluralin+hadoxyfo+isoxaben,1200+200+250,,,,,,,,,,,,,,,,,,,,,,,,,,,,,27.2,,,,
bijanzadeh2010,2005,,,,weedy_control,,,112,,no_herbicide,0,,,,,,,,,,,,,,,,,0903,,,,,0.410,,,,,,,202.3,,,,
bijanzadeh2010,2005,,,,weedfree_control,,,112,,no_weed,0,,,,,,,,,,,,,,,,,3428,,,,,1.556,,,,,,,0,,,,
bijanzadeh2010,2005,,,,treatment,,,112,,trifluralin,1200,,,,,,,,,,,,,,,,,2609,,,,,1.191,,,,,,,88.6,,,,
bijanzadeh2010,2005,,,,treatment,,,112,,trifluralin,1400,,,,,,,,,,,,,,,,,2612,,,,,1.189,,,,,,,87.1,,,,
bijanzadeh2010,2005,,,,treatment,,,112,,trifluralin+propaquizafop+pronamide,1200+100+2000,,,,,,,,,,,,,,,,,2916,,,,,1.338,,,,,,,53.2,,,,
bijanzadeh2010,2005,,,,treatment,,,112,,trifluralin+propaquizafop+pronamide,1200+200+1500,,,,,,,,,,,,,,,,,2862,,,,,1.313,,,,,,,56.8,,,,
bijanzadeh2010,2005,,,,treatment,,,112,,trifluralin+propaquizafop+isoxaben,1200+100+500,,,,,,,,,,,,,,,,,3119,,,,,1.424,,,,,,,35.3,,,,
bijanzadeh2010,2005,,,,treatment,,,112,,trifluralin+propaquizafop+isoxaben,1200+200+250,,,,,,,,,,,,,,,,,3113,,,,,1.426,,,,,,,34.4,,,,
bijanzadeh2010,2005,,,,treatment,,,112,,trifluralin+hadoxyfo+pronamide,1200+100+2000,,,,,,,,,,,,,,,,,3005,,,,,1.370,,,,,,,51.8,,,,
bijanzadeh2010,2005,,,,treatment,,,112,,trifluralin+hadoxyfo+pronamide,1200+200+1500,,,,,,,,,,,,,,,,,2996,,,,,1.364,,,,,,,52.2,,,,
bijanzadeh2010,2005,,,,treatment,,,112,,trifluralin+hadoxyfo+isoxaben,1200+100+500,,,,,,,,,,,,,,,,,3347,,,,,1.533,,,,,,,36.7,,,,
bijanzadeh2010,2005,,,,treatment,,,112,,trifluralin+hadoxyfo+isoxaben,1200+200+250,,,,,,,,,,,,,,,,,3183,,,,,1.446,,,,,,,33.5,,,,
